series_title,series_type,series_episodes,series_animedb_id,my_watched_episodes,my_times_watched,my_score,my_status,shiki_status,my_comments,update_on_import
Chuunibyou demo Koi ga Shitai!,tv,12,14741,12,0,7,Completed,Completed,,1
Chuunibyou demo Koi ga Shitai! Ren,tv,12,18671,12,0,8,Completed,Completed,,1
K-On!,tv,13,5680,13,0,6,Completed,Completed,,1
Kanojo ga Flag wo Oraretara,tv,13,19685,13,0,8,Completed,Completed,,1
Kill la Kill,tv,24,18679,2,0,0,Dropped,Dropped,,1
Kono Subarashii Sekai ni Shukufuku wo!,tv,10,30831,10,0,6,Completed,Completed,,1
Love Live! School Idol Project,tv,13,15051,13,0,7,Completed,Completed,,1
Love Live! School Idol Project 2nd Season,tv,13,19111,13,0,6,Completed,Completed,,1
Naruto,tv,220,20,220,0,5,Completed,Completed,,1
Naruto: Shippuuden,tv,500,1735,473,0,5,On-Hold,On-Hold,,1
Neon Genesis Evangelion,tv,26,30,26,0,10,Completed,Completed,,1
Neon Genesis Evangelion: The End of Evangelion,movie,1,32,1,0,10,Completed,Completed,,1
Non Non Biyori,tv,12,17549,12,0,9,Completed,Completed,,1
Non Non Biyori Repeat,tv,12,23623,2,0,0,On-Hold,On-Hold,,1
Paprika,movie,1,1943,1,0,4,Completed,Completed,,1
Rozen Maiden,tv,12,64,12,0,9,Completed,Completed,,1
Rozen Maiden: Traumend,tv,12,65,12,0,9,Completed,Completed,,1
Saki,tv,25,5671,25,0,9,Completed,Completed,,1
Saki Achiga-hen: Episode of Side-A,tv,12,10884,12,1,10,Completed,Completed,,1
Saki Zenkoku-hen,tv,13,16123,13,0,9,Completed,Completed,,1
Shaman King,tv,64,154,64,0,7,Completed,Completed,,1
Steins;Gate,tv,24,9253,24,0,7,Completed,Completed,,1
Tengen Toppa Gurren Lagann,tv,27,2001,15,0,3,Dropped,Dropped,,1
Touhai Densetsu Akagi: Yami ni Maiorita Tensai,tv,26,658,26,0,9,Completed,Completed,,1
Mudazumo Naki Kaikaku: The Legend of Koizumi,ova,3,6946,3,0,8,Completed,Completed,,1
Bakemonogatari,tv,15,5081,15,1,10,Completed,Completed,,1
Nisemonogatari,tv,11,11597,11,0,10,Completed,Completed,,1
Monogatari Series: Second Season,tv,26,17074,26,0,10,Completed,Completed,,1
Tsukimonogatari,tv,4,28025,4,0,10,Completed,Completed,,1
Owarimonogatari,tv,12,31181,12,0,10,Completed,Completed,,1
Owarimonogatari 2nd Season,tv,7,35247,7,0,10,Completed,Completed,,1
Hanamonogatari,tv,5,21855,5,0,10,Completed,Completed,,1
Kizumonogatari III: Reiketsu-hen,movie,1,31758,1,0,10,Completed,Completed,,1
Kizumonogatari II: Nekketsu-hen,movie,1,31757,1,0,10,Completed,Completed,,1
Mahou Shoujo Madoka★Magica,tv,12,9756,12,0,10,Completed,Completed,,1
Kizumonogatari I: Tekketsu-hen,movie,1,9260,1,0,10,Completed,Completed,,1
Nekomonogatari: Kuro,tv,4,15689,4,0,10,Completed,Completed,,1
Koyomimonogatari,ona,12,32268,12,0,10,Completed,Completed,,1
Re:Zero kara Hajimeru Isekai Seikatsu,tv,25,31240,25,0,7,Completed,Completed,,1
Sakura-sou no Pet na Kanojo,tv,24,13759,10,0,4,Dropped,Dropped,,1
Shigatsu wa Kimi no Uso,tv,22,23273,22,0,7,Completed,Completed,,1
Little Witch Academia (TV),tv,25,33489,2,0,0,Dropped,Dropped,,1
Eromanga-sensei,tv,12,32901,6,0,6,On-Hold,On-Hold,,1
Kyoukai no Kanata,tv,12,18153,12,0,7,Completed,Completed,,1
Musaigen no Phantom World,tv,13,31442,0,0,0,Plan to Watch,Plan to Watch,,1
Hibike! Euphonium,tv,13,27989,13,0,9,Completed,Completed,,1
Suzumiya Haruhi no Yuuutsu,tv,14,849,9,0,0,On-Hold,On-Hold,,1
Another,tv,12,11111,0,0,0,Plan to Watch,Plan to Watch,,1
Zero kara Hajimeru Mahou no Sho,tv,12,34176,1,0,2,Dropped,Dropped,,1
Angel Beats!,tv,13,6547,1,0,0,On-Hold,On-Hold,,1
Hibike! Euphonium 2,tv,13,31988,13,0,9,Completed,Completed,,1
Fate/stay night,tv,24,356,0,0,0,Plan to Watch,Plan to Watch,,1
Serial Experiments Lain,tv,13,339,13,0,9,Completed,Completed,,1
Magi: The Labyrinth of Magic,tv,25,14513,1,0,1,Dropped,Dropped,,1
Inu x Boku SS,tv,12,11013,12,0,8,Completed,Completed,,1
Clannad,tv,23,2167,0,0,0,Plan to Watch,Plan to Watch,,1
Kuzu no Honkai,tv,12,32949,12,0,8,Completed,Completed,,1
Yuru Yuri,tv,12,10495,12,0,8,Completed,Completed,,1
Toradora!,tv,25,4224,0,0,0,Plan to Watch,Plan to Watch,,1
Dagashi Kashi,tv,12,31636,2,0,5,Dropped,Dropped,,1
Love Live! The School Idol Movie,movie,1,24997,1,0,5,Completed,Completed,,1
Higurashi no Naku Koro ni,tv,26,934,0,0,0,Plan to Watch,Plan to Watch,,1
No Game No Life: Zero,movie,1,33674,0,0,0,Plan to Watch,Plan to Watch,,1
Choujigen Game Neptune The Animation,tv,12,16157,0,0,0,Plan to Watch,Plan to Watch,,1
Love Live! Sunshine!!,tv,13,32526,1,0,0,Dropped,Dropped,,1
Denpa Onna to Seishun Otoko,tv,12,9379,1,0,0,On-Hold,On-Hold,,1
ef: A Tale of Memories.,tv,12,2924,12,0,10,Completed,Completed,,1
ef: A Tale of Melodies.,tv,12,4789,0,0,0,Plan to Watch,Plan to Watch,,1
ef: A Tale of Memories. - Recollections,special,1,6783,0,0,0,Plan to Watch,Plan to Watch,,1
Sayonara Zetsubou Sensei,tv,12,2605,12,0,9,Completed,Completed,,1
Kubikiri Cycle: Aoiro Savant to Zaregototsukai,ova,8,33263,8,0,10,Completed,Completed,,1
Plastic Memories,tv,13,27775,3,0,0,On-Hold,On-Hold,,1
GJ-bu,tv,12,14811,6,0,0,Watching,Watching,,1
No Game No Life,tv,12,19815,0,0,0,Plan to Watch,Plan to Watch,,1
Rozen Maiden (2013),tv,13,18041,13,0,9,Completed,Completed,,1
Princess Principal,tv,12,35240,0,0,0,Plan to Watch,Plan to Watch,,1
Zoku Owarimonogatari,movie,1,36999,1,0,10,Completed,Completed,,1
Blend S,tv,12,34618,2,0,5,Dropped,Dropped,,1
Nisekoimonogatari,ona,1,30514,1,0,0,Completed,Completed,,1
Yuru Camp△,tv,12,34798,12,0,7,Completed,Completed,,1
Citrus,tv,12,34382,0,0,0,Plan to Watch,Plan to Watch,,1
Initial D First Stage,tv,26,185,1,0,0,On-Hold,On-Hold,,1
JoJo no Kimyou na Bouken (TV),tv,26,14719,14,0,7,Dropped,Dropped,,1
Shoujo Kakumei Utena,tv,39,440,2,0,0,On-Hold,On-Hold,,1
Non Non Biyori Movie: Vacation,movie,1,36990,0,0,0,Plan to Watch,Plan to Watch,,1
Hotaru no Haka,movie,1,578,1,0,4,Completed,Completed,,1
Chrno Crusade,tv,24,60,0,0,0,Plan to Watch,Plan to Watch,,1
Ookami to Koushinryou,tv,13,2966,0,0,0,Plan to Watch,Plan to Watch,,1
Gosick,tv,24,8425,0,0,0,Plan to Watch,Plan to Watch,,1
Tsukuyomi: Moon Phase,tv,25,343,0,0,0,Plan to Watch,Plan to Watch,,1
To LOVE-Ru,tv,26,3455,0,0,0,Plan to Watch,Plan to Watch,,1
Hidamari Sketch,tv,12,1852,0,0,0,Plan to Watch,Plan to Watch,,1
Arakawa Under the Bridge,tv,13,7647,0,0,0,Plan to Watch,Plan to Watch,,1
Paniponi Dash!,tv,26,490,0,0,0,Plan to Watch,Plan to Watch,,1
Rec,tv,9,710,0,0,0,Plan to Watch,Plan to Watch,,1
Mekakucity Actors,tv,12,21603,1,0,0,On-Hold,On-Hold,,1
Maria†Holic,tv,12,5030,0,0,0,Plan to Watch,Plan to Watch,,1
Nisekoi,tv,20,18897,2,0,0,Dropped,Dropped,,1
Naisho no Hanashi,music,1,36725,1,0,0,Completed,Completed,,1
Ergo Proxy,tv,23,790,23,0,8,Completed,Completed,,1
Aria The Animation,tv,13,477,0,0,0,Plan to Watch,Plan to Watch,,1
Micchiri Neko,tv,39,36982,39,0,8,Completed,Completed,,1
Micchiri Neko March,music,1,32233,1,0,0,Completed,Completed,,1
Yanesenondo,ona,1,32642,1,0,0,Completed,Completed,,1
Haibane Renmei,tv,13,387,13,0,9,Completed,Completed,,1
Tenshi no Tamago,ova,1,885,1,0,8,Completed,Completed,,1
Nekojiru-sou,ova,1,601,1,0,8,Completed,Completed,,1
Sakura Trick,tv,12,20047,0,0,0,Plan to Watch,Plan to Watch,,1
Nana,tv,47,877,0,0,0,Plan to Watch,Plan to Watch,,1
Strawberry Panic,tv,26,855,0,0,0,Plan to Watch,Plan to Watch,,1
Kamisama no Memochou,tv,12,10568,0,0,0,Plan to Watch,Plan to Watch,,1
Shokugeki no Souma,tv,24,28171,0,0,0,Plan to Watch,Plan to Watch,,1
Jigoku Shoujo Futakomori,tv,26,1594,0,0,0,Plan to Watch,Plan to Watch,,1
Nyanpire The Animation,tv,12,10197,0,0,0,Plan to Watch,Plan to Watch,,1
Kitty's Paradise,tv,16,4023,0,0,0,Plan to Watch,Plan to Watch,,1
"Uchiage Hanabi, Shita kara Miru ka? Yoko kara Miru ka?",movie,1,34498,1,0,9,Completed,Completed,,1
Magic Kaito 1412,tv,24,25517,0,0,0,Plan to Watch,Plan to Watch,,1
Uchiage Hanabi,music,1,36125,1,0,0,Completed,Completed,,1
Saki Biyori Animation,ova,1,27709,1,0,0,Completed,Completed,,1
ef: A Tale of Memories. - Prologue,special,1,6361,1,0,0,Completed,Completed,,1
Houseki no Kuni (TV),tv,12,35557,0,0,0,Plan to Watch,Plan to Watch,,1
Keijo!!!!!!!!,tv,12,32686,7,0,5,Dropped,Dropped,,1
Mawaru Penguindrum,tv,24,10721,0,0,0,Plan to Watch,Plan to Watch,,1
Dungeon ni Deai wo Motomeru no wa Machigatteiru Darou ka,tv,13,28121,0,0,0,Dropped,Dropped,,1
FLCL,ova,6,227,2,0,0,On-Hold,On-Hold,,1
Gabriel DropOut,tv,12,33731,6,0,0,On-Hold,On-Hold,,1
Netsuzou TRap,tv,12,34383,0,0,0,Plan to Watch,Plan to Watch,,1
Asagao to Kase-san.,ova,1,36214,0,0,0,Plan to Watch,Plan to Watch,,1
Mushishi,tv,26,457,2,0,0,Watching,Watching,,1
Lucky☆Star,tv,24,1887,0,0,0,Plan to Watch,Plan to Watch,,1
Gochuumon wa Usagi Desu ka?,tv,12,21273,0,0,0,Plan to Watch,Plan to Watch,,1
Satsuriku no Tenshi,tv,12,35994,12,0,8,Completed,Completed,,1
Juuni Taisen,tv,12,35076,0,0,0,Plan to Watch,Plan to Watch,,1
Okitegami Kyouko no Bibouroku x Monogatari,ona,1,32191,1,0,0,Completed,Completed,,1
Cossette no Shouzou,ova,3,514,3,0,9,Completed,Completed,,1
Hyouka,tv,22,12189,0,0,0,Plan to Watch,Plan to Watch,,1
Charlotte,tv,13,28999,13,0,8,Completed,Completed,,1
Steins;Gate: Kyoukaimenjou no Missing Link - Divide By Zero,special,1,32188,1,0,3,Completed,Completed,,1
Kuma Miko,tv,12,31804,0,0,0,Plan to Watch,Plan to Watch,,1
Sekkou Boys,tv,12,31540,0,0,0,Plan to Watch,Plan to Watch,,1
Miss Monochrome The Animation,tv,13,20033,0,0,0,Plan to Watch,Plan to Watch,,1
True Tears,tv,13,2129,0,0,0,Plan to Watch,Plan to Watch,,1
Irozuku Sekai no Ashita kara,tv,13,37497,0,0,0,Plan to Watch,Plan to Watch,,1
Glasslip,tv,13,23079,0,0,0,Plan to Watch,Plan to Watch,,1
Kino no Tabi: The Beautiful World,tv,13,486,0,0,0,Plan to Watch,Plan to Watch,,1
Koi wa Ameagari no You ni,tv,12,34984,0,0,0,Plan to Watch,Plan to Watch,,1
Shisha no Teikoku,movie,1,28625,0,0,0,Plan to Watch,Plan to Watch,,1
Dance in the Vampire Bund,tv,12,6747,0,0,0,Plan to Watch,Plan to Watch,,1
Toaru Majutsu no Index,tv,24,4654,0,0,0,Dropped,Dropped,,1
Sakasama no Patema,movie,1,12477,0,0,0,Plan to Watch,Plan to Watch,,1
3-gatsu no Lion,tv,22,31646,0,0,0,Plan to Watch,Plan to Watch,,1
Nichijou,tv,26,10165,0,0,0,Plan to Watch,Plan to Watch,,1
Shinigami no Ballad.,tv,6,789,0,0,0,Plan to Watch,Plan to Watch,,1
Sora to Umi no Aida,tv,12,36000,0,0,0,Plan to Watch,Plan to Watch,,1
What's Michael? (TV),tv,45,12039,0,0,0,Plan to Watch,Plan to Watch,,1
Haikyuu!!,tv,25,20583,25,0,6,Completed,Completed,,1
Trinity Seven,tv,12,25157,0,0,0,Plan to Watch,Plan to Watch,,1
Negima!?,tv,26,1546,0,0,0,Plan to Watch,Plan to Watch,,1
Inugami-san to Nekoyama-san,tv,12,22123,0,0,0,Plan to Watch,Plan to Watch,,1
One Room,tv,12,34392,0,0,0,Plan to Watch,Plan to Watch,,1
Happy Sugar Life,tv,12,37517,12,0,9,Completed,Completed,,1
Mahou Shoujo Site,tv,12,36266,0,0,0,Plan to Watch,Plan to Watch,,1
Perfect Blue,movie,1,437,0,0,0,Plan to Watch,Plan to Watch,,1
Yuri Kuma Arashi,tv,12,26165,0,0,0,Plan to Watch,Plan to Watch,,1
Fuuka,tv,12,33743,0,0,0,Plan to Watch,Plan to Watch,,1
Boogiepop wa Warawanai,tv,12,369,5,0,0,Watching,Watching,,1
Shoujo Shuumatsu Ryokou,tv,12,35838,0,0,0,Plan to Watch,Plan to Watch,,1
Boku dake ga Inai Machi,tv,12,31043,0,0,0,Plan to Watch,Plan to Watch,,1
Bananya,tv,13,32664,2,0,0,On-Hold,On-Hold,,1
Shoujo☆Kageki Revue Starlight,tv,12,35503,0,0,0,Plan to Watch,Plan to Watch,,1
Kono Minikuku mo Utsukushii Sekai,tv,12,146,0,0,0,Plan to Watch,Plan to Watch,,1
Natsu no Arashi!,tv,13,5597,0,0,0,Plan to Watch,Plan to Watch,,1
Skirt no Naka wa Kedamono Deshita.,tv,12,35629,2,0,0,On-Hold,On-Hold,,1
"Yosuga no Sora: In Solitude, Where We Are Least Alone.",tv,12,8861,0,0,0,Plan to Watch,Plan to Watch,,1
Mahjong Hishouden: Naki no Ryuu,ova,3,5151,0,0,0,Plan to Watch,Plan to Watch,,1
Amai Choubatsu: Watashi wa Kanshu Senyou Pet,tv,12,37320,0,0,0,Plan to Watch,Plan to Watch,,1
Satsuriku no Tenshi ONA,ona,4,38366,4,0,8,Completed,Completed,,1
Redline,movie,1,6675,1,0,4,Completed,Completed,,1
Sora yori mo Tooi Basho,tv,13,35839,1,0,3,Dropped,Dropped,,1
Sakurako-san no Ashimoto ni wa Shitai ga Umatteiru,tv,12,30187,0,0,0,Plan to Watch,Plan to Watch,,1
Kuuchuu Buranko,tv,11,6774,11,0,9,Completed,Completed,,1
Casshern Sins,tv,24,4981,0,0,0,Plan to Watch,Plan to Watch,,1
Xi Xing Ji,ona,16,38490,0,0,0,Plan to Watch,Plan to Watch,,1
Kokoro Connect,tv,13,11887,13,0,8,Completed,Completed,,1
Sennen Joyuu,movie,1,1033,0,0,0,Plan to Watch,Plan to Watch,,1
Iblard Jikan,ova,1,2891,1,0,10,Completed,Completed,,1
Tsumiki no Ie,movie,1,5365,1,0,9,Completed,Completed,,1
"Kumo no Mukou, Yakusoku no Basho",movie,1,433,0,0,0,Plan to Watch,Plan to Watch,,1
Yagate Kimi ni Naru,tv,13,37786,1,0,0,Watching,Watching,,1
Orange,tv,13,32729,0,0,0,Plan to Watch,Plan to Watch,,1
Ishii Hiroyuki x Saitou Souma Essay-shuu,ona,1,38407,0,0,0,Plan to Watch,Plan to Watch,,1
Magia Record: Mahou Shoujo Madoka☆Magica Gaiden (TV),tv,13,38256,0,0,0,Plan to Watch,Plan to Watch,,1
Fumikiri Jikan,tv,12,37188,0,0,0,Plan to Watch,Plan to Watch,,1
Koukaku Kidoutai,movie,1,43,0,0,0,Plan to Watch,Plan to Watch,,1
Kokoro Connect: Michi Random,special,4,16001,4,0,8,Completed,Completed,,1
Black★Rock Shooter,tv,8,11285,0,0,0,Plan to Watch,Plan to Watch,,1
Iya na Kao sare nagara Opantsu Misete Moraitai,ona,6,37021,6,1,8,Completed,Completed,,1
Gakkougurashi!,tv,12,24765,12,0,8,Completed,Completed,,1
Koyomi History,special,1,37139,1,0,0,Completed,Completed,,1
Cobalt World,music,1,34802,1,0,0,Completed,Completed,,1
Saki Achiga-hen: Episode of Side-A Specials,special,4,15989,4,0,0,Completed,Completed,,1
Konohana Kitan,tv,12,35241,0,0,0,Plan to Watch,Plan to Watch,,1
Ikebukuro PR Anime,ona,1,38783,1,0,0,Completed,Completed,,1
Bakemono no Ko,movie,1,28805,1,0,4,Completed,Completed,,1
NHK ni Youkoso!,tv,24,1210,0,0,0,Dropped,Dropped,,1
Kujira no Chouyaku,movie,1,1204,0,0,0,Plan to Watch,Plan to Watch,,1
Rain Town,ona,1,10448,1,0,0,Completed,Completed,,1
Iya na Kao sare nagara Opantsu Misete Moraitai 2,ona,6,38163,6,0,6,Completed,Completed,,1
Zoku Sayonara Zetsubou Sensei,tv,13,3228,3,0,0,On-Hold,On-Hold,,1
Seitokai no Ichizon,tv,12,5909,0,0,0,Plan to Watch,Plan to Watch,,1
5-toubun no Hanayome,tv,12,38101,0,0,0,Plan to Watch,Plan to Watch,,1
Shirokuma Cafe,tv,50,12815,0,0,0,Plan to Watch,Plan to Watch,,1
Shingetsutan Tsukihime,tv,12,169,0,0,0,Plan to Watch,Plan to Watch,,1
Aru Tabibito no Nikki,ona,6,1205,0,0,0,Plan to Watch,Plan to Watch,,1
Kouchou-sensei to Kujira,movie,1,4461,1,0,0,Completed,Completed,,1
Inaka Isha,movie,1,3326,0,0,0,Plan to Watch,Plan to Watch,,1
Muybridge no Ito,movie,1,10688,1,0,0,Completed,Completed,,1
Chuumon no Ooi Ryouriten (1991),movie,1,4095,0,0,0,Plan to Watch,Plan to Watch,,1
Aoi Bungaku Series,tv,12,7193,0,0,0,Plan to Watch,Plan to Watch,,1
Toshi wo Totta Wani,movie,1,4475,0,0,0,Plan to Watch,Plan to Watch,,1
1001 Nights,movie,1,3914,0,0,0,Plan to Watch,Plan to Watch,,1
Kanashimi no Belladonna,movie,1,3220,0,0,0,Plan to Watch,Plan to Watch,,1
Texhnolyze,tv,22,26,0,0,0,Plan to Watch,Plan to Watch,,1
Anemone,ova,1,10516,0,0,0,Plan to Watch,Plan to Watch,,1
Melody,ona,1,8936,0,0,0,Plan to Watch,Plan to Watch,,1
Katasumi no Uroko,ona,1,36368,0,0,0,Plan to Watch,Plan to Watch,,1
Atama Yama,movie,1,1370,0,0,0,Plan to Watch,Plan to Watch,,1
Fuyu no Hi,movie,1,3215,0,0,0,Plan to Watch,Plan to Watch,,1
Fushigi na Elevator,movie,1,8218,0,0,0,Plan to Watch,Plan to Watch,,1
Kodomo no Keijijougaku,ona,1,8333,0,0,0,Plan to Watch,Plan to Watch,,1
Out Of My Head,music,1,38142,0,0,0,Plan to Watch,Plan to Watch,,1
Fantascope: Tylostoma,ova,1,5802,0,0,0,Plan to Watch,Plan to Watch,,1
Kikumana,ona,1,4460,1,0,0,Completed,Completed,,1
Noisy Birth,music,1,5158,1,0,0,Completed,Completed,,1
Mezame no Hakobune,ova,1,3336,0,0,0,Plan to Watch,Plan to Watch,,1
The SoulTaker: Tamashii-gari,tv,13,1048,0,0,0,Plan to Watch,Plan to Watch,,1
Jigoku Shoujo,tv,26,228,0,0,0,Plan to Watch,Plan to Watch,,1
Alien 9,ova,4,1177,0,0,0,Plan to Watch,Plan to Watch,,1
Neko Machi,ova,1,6270,0,0,0,Plan to Watch,Plan to Watch,,1
Kyoukai no Kanata Movie: I'll Be Here - Kako-hen - Yakusoku no Kizuna,special,1,30745,1,0,0,Completed,Completed,,1
Snow Halation,music,1,9930,1,0,10,Completed,Completed,,1
Furiko,special,1,13629,1,0,0,Completed,Completed,,1
My Life,ona,1,16690,1,0,0,Completed,Completed,,1
Cross Road,special,1,22839,1,0,0,Completed,Completed,,1
Perfect Day,music,1,10445,1,0,0,Completed,Completed,,1
Dareka no Manazashi,movie,1,17121,1,0,0,Completed,Completed,,1
Gaikotsu Shotenin Honda-san,tv,12,36317,0,0,0,Plan to Watch,Plan to Watch,,1
Mudai,music,1,30771,1,0,9,Completed,Completed,,1
Black★Rock Shooter,music,1,12079,1,0,0,Completed,Completed,,1
Yume ga Sameru made,ona,1,35932,0,0,0,Plan to Watch,Plan to Watch,,1
Kimi no Iru Basho,music,1,37541,1,0,0,Completed,Completed,,1
Egomama,music,1,12623,1,0,9,Completed,Completed,,1
Rinkaku,music,1,18831,1,0,0,Completed,Completed,,1
Agitated Screams of Maggots,music,1,9056,1,0,0,Completed,Completed,,1
Mahou Shoujo Madoka★Magica: Concept Movie,movie,1,32153,1,0,0,Completed,Completed,,1
Airy Me,music,1,21861,1,0,0,Completed,Completed,,1
DušaN,music,1,32139,1,0,0,Completed,Completed,,1
Swap,music,1,38896,1,0,0,Completed,Completed,,1
Timeless,music,1,38964,1,0,0,Completed,Completed,,1
Shelter,music,1,34240,1,0,0,Completed,Completed,,1
Survival,music,1,3507,1,2,0,Completed,Completed,,1
Connected,music,1,3506,1,0,0,Completed,Completed,,1
Uneasiness and Triangle,ona,1,38976,1,0,0,Completed,Completed,,1
To Disappear,music,1,38757,1,4,9,Completed,Completed,,1
Synchro Noise,music,1,38763,1,0,0,Completed,Completed,,1
Cup of Smoke,music,1,38758,1,0,0,Completed,Completed,,1
Buggy Map,special,2,38773,2,0,0,Completed,Completed,,1
Nou Nen feat. Utae,music,1,37147,1,0,0,Completed,Completed,,1
Een,ona,1,38727,1,0,0,Completed,Completed,,1
◯,ona,1,31687,1,0,0,Completed,Completed,,1
MTV Ident: Horny,special,1,36750,1,0,0,Completed,Completed,,1
Yume,movie,1,29932,1,0,0,Completed,Completed,,1
Natsu no Gero wa Fuyu no Sakana,music,1,33220,1,0,0,Completed,Completed,,1
Gokiburi Taisou,ona,1,36157,1,0,0,Completed,Completed,,1
Takoyaki Story,music,1,38961,1,0,0,Completed,Completed,,1
Nowhereland,music,1,36158,1,0,0,Completed,Completed,,1
Requiem (ONA),ona,1,31689,1,0,0,Completed,Completed,,1
Koumon-teki Juuku Ketsujiru Juke,music,1,30860,1,0,0,Completed,Completed,,1
Shigeru,ona,1,31686,1,0,0,Completed,Completed,,1
Jam,music,1,19231,1,0,0,Completed,Completed,,1
Wonder (Movie),movie,1,28085,1,0,0,Completed,Completed,,1
Port of Wormy,movie,1,38375,1,0,0,Completed,Completed,,1
Modern,movie,1,28587,1,0,0,Completed,Completed,,1
Katte ni Shiyagatte,music,1,36117,1,0,0,Completed,Completed,,1
Nosferatu,music,1,36115,1,0,0,Completed,Completed,,1
Recorder,movie,1,29771,1,0,0,Completed,Completed,,1
Calm,movie,1,29772,1,0,0,Completed,Completed,,1
Hizumu Realism,music,1,32749,1,0,0,Completed,Completed,,1
L'Œil du cyclone,music,1,34039,1,0,0,Completed,Completed,,1
Sayonara no Asa ni Yakusoku no Hana wo Kazarou,movie,1,35851,0,0,0,Plan to Watch,Plan to Watch,,1
Kokuhaku,ona,1,31634,0,0,0,Plan to Watch,Plan to Watch,,1
Koko wa Green Wood,ova,6,1804,0,0,0,Plan to Watch,Plan to Watch,,1
Aku no Hana,tv,13,16201,0,0,0,Plan to Watch,Plan to Watch,,1
Soul Eater NOT!,tv,12,21507,0,0,0,Plan to Watch,Plan to Watch,,1
Boogiepop wa Warawanai (2019),tv,18,37451,0,0,0,Plan to Watch,Plan to Watch,,1
Rang Wo Men Shao Ba,ona,2,37736,0,0,0,Plan to Watch,Plan to Watch,,1
Kaguya-sama wa Kokurasetai: Tensai-tachi no Renai Zunousen,tv,12,37999,3,0,0,Watching,Watching,,1
Mousou Dairinin,tv,13,323,0,0,0,Plan to Watch,Plan to Watch,,1
Tamala 2010: A Punk Cat in Space,movie,1,2033,0,0,0,Plan to Watch,Plan to Watch,,1
Mahou Shoujo Madoka★Magica Movie 3: Hangyaku no Monogatari,movie,1,11981,1,0,10,Completed,Completed,,1
Zuori Qing Kong,movie,1,37207,1,0,7,Completed,Completed,,1
Jinrui wa Suitai Shimashita,tv,12,10357,0,0,0,Plan to Watch,Plan to Watch,,1
Mind Game,movie,1,875,0,0,0,Plan to Watch,Plan to Watch,,1
Nihon Animator Mihonichi,ona,35,28149,7,0,0,On-Hold,On-Hold,,1
Popee the Performer,tv,39,6560,0,0,0,Plan to Watch,Plan to Watch,,1
Poputepipikku,tv,12,35330,4,0,9,Completed,Rewatching,,1
Toki no Kousa,special,1,37784,1,0,0,Completed,Completed,,1
Usagi ga Kowai,movie,1,23063,0,0,0,Plan to Watch,Plan to Watch,,1
Colorful (Movie),movie,1,8142,0,0,0,Plan to Watch,Plan to Watch,,1
Show By Rock!!,tv,12,27441,0,0,0,Plan to Watch,Plan to Watch,,1
Wata no Kuni Hoshi,movie,1,1207,0,0,0,Plan to Watch,Plan to Watch,,1
Yami wo Mitsumeru Hane,movie,1,7810,0,0,0,Plan to Watch,Plan to Watch,,1
Stone,movie,1,29657,0,0,0,Plan to Watch,Plan to Watch,,1
Motion Lumine,movie,1,30331,1,0,0,Completed,Completed,,1
X Densha de Ikou,ova,1,1973,0,0,0,Plan to Watch,Plan to Watch,,1
Grim,movie,1,31263,1,0,0,Completed,Completed,,1
Tokyo Loop,movie,1,4761,0,0,0,Plan to Watch,Plan to Watch,,1
Ryokunohara Meikyuu,ova,1,2219,0,0,0,Plan to Watch,Plan to Watch,,1
Mizu no Kotoba,special,1,2235,0,0,0,Plan to Watch,Plan to Watch,,1
Malice@Doll,ova,3,2261,0,0,0,Plan to Watch,Plan to Watch,,1
Miru Tights,ona,12,38935,12,1,8,Completed,Completed,,1
Hitoribocchi no Marumaru Seikatsu,tv,12,37614,0,0,0,Plan to Watch,Plan to Watch,,1
Bartender,tv,11,1589,3,0,0,Watching,Watching,,1
Urusei Yatsura,tv,195,1293,0,0,0,Plan to Watch,Plan to Watch,,1
Kimi no Suizou wo Tabetai,movie,1,36098,1,0,7,Completed,Completed,,1
Miru Tights: Cosplay Satsuei Tights,special,1,40176,1,0,0,Completed,Completed,,1
Tejina-senpai,tv,12,38610,12,0,7,Completed,Completed,,1
Strike Witches,tv,12,3667,0,0,0,Plan to Watch,Plan to Watch,,1
Domestic na Kanojo,tv,12,37982,12,0,9,Completed,Completed,,1
Hundred,tv,12,31338,0,0,0,Plan to Watch,Plan to Watch,,1
Poputepipikku TV Special,special,2,37596,1,0,10,Completed,Completed,,1
Ashita Sekai ga Owaru toshitemo,movie,1,38464,1,0,7,Completed,Completed,,1
Liz to Aoi Tori,movie,1,35677,0,0,0,Plan to Watch,Plan to Watch,,1
Hatena☆Illusion,tv,0,35252,0,0,0,Plan to Watch,Plan to Watch,,1
Entotsu Machi no Poupelle,movie,1,35609,0,0,0,Plan to Watch,Plan to Watch,,1
Pretty Rhythm: Aurora Dream,tv,51,10257,0,0,0,Plan to Watch,Plan to Watch,,1
Chimera,movie,1,37437,0,0,0,Plan to Watch,Plan to Watch,,1
"Watashi, Nouryoku wa Heikinchi de tte Itta yo ne!",tv,12,37393,3,0,0,Watching,Watching,,1
Boku wa Robot-goshi no Kimi ni Koi wo Suru Movie,movie,1,37839,0,0,0,Plan to Watch,Plan to Watch,,1
Sakugan Labyrinth Marker,tv,0,38192,0,0,0,Plan to Watch,Plan to Watch,,1
Deep Love,movie,1,38279,0,0,0,Plan to Watch,Plan to Watch,,1
Houkago Saikoro Club,tv,12,38276,3,0,0,Watching,Watching,,1
Re:Zero kara Hajimeru Isekai Seikatsu - Hyouketsu no Kizuna,movie,1,38414,0,0,0,Plan to Watch,Plan to Watch,,1
Yuru Camp△ 2nd Season,tv,0,38474,0,0,0,Plan to Watch,Plan to Watch,,1
Mystery of Kumamon,movie,1,38577,0,0,0,Plan to Watch,Plan to Watch,,1
Itai no wa Iya nano de Bougyoryoku ni Kyokufuri Shitai to Omoimasu.,tv,12,38790,0,0,0,Plan to Watch,Plan to Watch,,1
Fragtime,movie,0,39545,0,0,0,Plan to Watch,Plan to Watch,,1
Re:Zero kara Hajimeru Isekai Seikatsu 2nd Season,tv,0,39587,0,0,0,Plan to Watch,Plan to Watch,,1
Kandagawa Jet Girls,tv,12,40196,0,0,0,Plan to Watch,Plan to Watch,,1
Saenai Heroine no Sodatekata ♭,tv,11,30727,11,0,8,Completed,Completed,,1
Saenai Heroine no Sodatekata,tv,12,23277,0,0,0,Plan to Watch,Plan to Watch,,1
Choukadou Girl ⅙,tv,12,38226,0,0,0,Plan to Watch,Plan to Watch,,1
Midara na Ao-chan wa Benkyou ga Dekinai,tv,12,38778,0,0,0,Plan to Watch,Plan to Watch,,1
Grisaia no Kajitsu,tv,13,17729,0,0,0,Plan to Watch,Plan to Watch,,1
Nekopara,tv,12,38924,0,0,0,Plan to Watch,Plan to Watch,,1
Assault Lily: Bouquet,tv,0,40550,0,0,0,Plan to Watch,Plan to Watch,,1
22/7,tv,12,40148,0,0,0,Plan to Watch,Plan to Watch,,1
Yesterday wo Utatte,tv,12,39710,0,0,0,Plan to Watch,Plan to Watch,,1
Azur Lane,tv,12,38328,0,0,0,Plan to Watch,Plan to Watch,,1
Getsuyoubi no Tawawa,ona,12,34213,0,0,0,Plan to Watch,Plan to Watch,,1
